{"accuracy": [0.47600001096725464, 0.8309999704360962, 0.8957499861717224, 0.9160000085830688, 0.9279999732971191, 0.9334999918937683, 0.9452499747276306, 0.9605000019073486, 0.9599999785423279, 0.9574999809265137], "loss": [1.289939284324646, 0.4365578889846802, 0.2579808533191681, 0.21208545565605164, 0.18210911750793457, 0.16841791570186615, 0.1477997899055481, 0.0966944769024849, 0.1079515665769577, 0.11987081915140152], "val_accuracy": [0.7749999761581421, 0.828000009059906, 0.8889999985694885, 0.9179999828338623, 0.9179999828338623, 0.9010000228881836, 0.9269999861717224, 0.9110000133514404, 0.9150000214576721, 0.9269999861717224], "val_loss": [0.6496877074241638, 0.5367220044136047, 0.3364296853542328, 0.2064928561449051, 0.2339683324098587, 0.3105432987213135, 0.21986761689186096, 0.28095775842666626, 0.23717035353183746, 0.22918371856212616]}